{"schemaVersion":"1.0","appDefinitionTemplate":{"id":"/providers/Microsoft.PowerApps/apps/","type":"Microsoft.PowerApps/apps","tags":{"primaryDeviceWidth":"1366","primaryDeviceHeight":"768","sienaVersion":"20220324T095302Z-3.22022.23.0","deviceCapabilities":"","supportsPortrait":"true","supportsLandscape":"true","primaryFormFactor":"Tablet","publisherVersion":"3.22022.23","minimumRequiredApiVersion":"2.2.0","hasComponent":"false","hasUnlockedComponent":"false","isUnifiedRootApp":"false"},"properties":{"appVersion":"2022-03-24T09:53:02Z","lifeCycleId":"Published","createdByClientVersion":{"major":3,"minor":22022,"build":23,"revision":0,"majorRevision":0,"minorRevision":0},"minClientVersion":{"major":3,"minor":22022,"build":23,"revision":0,"majorRevision":0,"minorRevision":0},"backgroundColor":"RGBA(0,176,240,1)","backgroundImageUri":"/5591936767002083127/Nbfea0ffb-6f62-4c45-8f15-3d61f20e47ae-logoSmallFile","displayName":"Lab-sample-input","description":"","commitMessage":"","appUris":{"documentUri":{"value":"/5591936767002083127/N1a8892be-4983-4921-af92-ea2b3dd882f0-document.msapp"},"imageUris":[]},"createdTime":"0001-01-01T00:00:00Z","lastModifiedTime":"0001-01-01T00:00:00Z","sharedGroupsCount":0,"sharedUsersCount":0,"icons":{"smallIconUri":"/5591936767002083127/N14c7af4e-5957-4bd4-856e-ec7367078b95-small.png","mediumIconUri":"/5591936767002083127/Neb749eb1-2ad4-4048-86ad-1d5b2b4228c5-medium.png","largeIconUri":"/5591936767002083127/N9b3dc090-1b5c-49e6-8576-c6e13b008376-large.png","wideIconUri":"/5591936767002083127/Ncb18c837-d572-4ac4-ab4c-a3df9c34613f-wide.png"},"connectionReferences":{"9319523d-e945-470c-853a-610f2cfb182b":{"id":"aa420994-d97c-4140-b10c-462696be00f0","displayName":"FHIRBase","iconUri":"https://connectoricons-prod.azureedge.net/releases/v1.0.1410/1.0.1410.2197/fhirbase/icon.png","dataSources":["FHIRBase"],"dependencies":[],"dependents":[],"parameterHints":{},"parameterHintsV2":{},"isOnPremiseConnection":false,"dataSets":{},"apiTier":"Premium","isCustomApiConnection":false,"actions":["GETPatient"]}},"databaseReferences":{},"almMode":"Environment","performanceOptimizationEnabled":true,"canConsumeAppPass":true,"executionRestrictions":{"isTeamsOnly":false,"dataLossPreventionEvaluationResult":{"status":"Compliant","lastEvaluationDate":"2022-03-24T09:53:17.2930002Z","violations":[],"violationsByPolicy":[],"violationErrorMessage":"The app uses the following connectors: shared_fhirbase."}}},"appType":"ClassicCanvasApp","appComponents":[]}}